0x,0y,1x,1y,2x,2y,3x,3y,4x,4y,5x,5y,6x,6y,7x,7y,8x,8y,9x,9y,10x,10y,11x,11y,12x,12y,13x,13y,14x,14y,15x,15y,16x,16y,17x,17y,18x,18y,19x,19y,20x,20y,21x,21y,22x,22y,23x,23y,24x,24y,25x,25y,26x,26y,27x,27y,28x,28y,29x,29y,30x,30y,31x,31y,32x,32y,output
819,191,819,179,817,178,815,176,822,179,822,179,822,178,800,171,814,176,809,195,812,196,723,210,796,210,645,243,885,254,620,290,970,275,609,304,995,282,618,308,998,277,625,304,990,275,744,392,739,396,879,391,799,527,867,536,759,669,852,556,736,695,926,571,819,701,Dance
819,183,819,172,817,171,815,169,822,173,822,172,822,171,800,164,814,167,809,187,812,188,723,202,799,195,647,239,892,239,629,290,979,264,621,304,1006,271,627,308,1009,266,631,304,1000,266,728,380,739,379,873,375,785,515,901,510,757,669,890,537,736,694,960,531,818,699,Dance
825,172,822,160,820,159,817,158,825,161,825,161,825,160,804,157,814,160,815,180,817,180,745,202,795,195,744,274,740,216,747,332,707,233,742,356,683,229,743,355,691,235,743,347,692,254,730,379,760,376,783,492,822,499,756,618,772,633,737,643,753,657,793,646,829,658,Dance
828,173,824,162,822,161,819,160,826,162,826,162,825,161,805,159,813,162,818,180,820,180,754,204,785,196,746,288,729,225,746,360,671,241,746,386,639,244,747,386,638,245,747,378,651,251,731,380,762,377,784,503,836,495,749,631,790,627,730,653,769,650,794,656,845,652,Dance
827,175,824,164,822,162,820,160,826,164,825,163,824,163,806,162,811,162,817,181,819,181,758,210,777,197,747,287,716,226,757,345,652,259,756,364,626,269,758,362,626,275,758,356,634,274,732,381,760,378,790,504,847,490,741,633,814,626,725,657,793,648,783,652,871,648,Dance
827,179,824,168,822,168,820,167,826,167,825,166,824,166,807,168,810,165,817,187,819,186,764,214,773,197,743,289,703,227,752,348,646,294,754,365,626,308,756,364,626,315,750,358,633,312,737,383,760,379,788,509,859,486,736,636,849,622,714,657,837,647,790,657,905,636,Dance
826,184,824,174,822,174,820,173,825,172,824,171,822,170,807,172,807,168,816,192,816,191,766,217,768,198,768,284,696,230,802,299,660,316,811,302,641,337,812,297,646,342,808,297,654,337,741,387,764,379,789,510,870,473,738,633,880,609,715,654,873,636,793,654,938,607,Dance
824,185,823,174,822,174,820,174,823,172,821,171,819,170,807,173,804,168,814,193,812,191,766,220,764,198,773,280,695,235,830,289,681,334,841,289,665,356,843,284,670,360,838,285,679,354,741,387,764,379,788,508,879,456,734,635,911,585,709,658,904,610,790,654,965,577,Dance
824,185,825,174,824,174,823,174,824,172,822,171,820,170,810,173,805,168,814,193,812,191,769,220,766,197,749,280,699,233,773,318,708,332,776,332,700,354,779,323,706,356,777,319,711,350,741,385,762,371,784,505,887,424,732,635,931,549,710,658,929,580,789,654,990,537,Dance
833,184,835,174,834,174,833,174,833,172,831,171,829,170,818,172,813,167,820,193,818,190,776,220,768,196,783,276,702,228,837,286,721,319,843,288,717,340,847,278,725,340,843,278,728,334,747,383,762,370,782,502,898,386,732,630,940,510,711,653,942,540,787,654,998,495,Dance
839,184,843,174,842,174,841,174,842,172,840,171,838,170,826,172,822,167,826,193,824,190,784,220,770,196,793,267,708,217,852,285,732,316,851,295,724,331,853,287,735,332,850,286,733,330,751,379,763,363,777,504,895,357,730,631,943,481,710,654,945,509,786,655,1007,460,Dance
847,182,852,172,851,172,851,171,851,171,850,170,848,168,837,168,834,165,836,188,835,186,789,212,773,194,807,266,720,214,866,289,754,314,885,300,758,328,883,292,775,330,879,290,771,326,750,374,764,359,772,501,893,322,730,629,936,439,711,652,932,469,784,657,996,424,Dance
842,178,845,167,843,166,841,164,850,167,848,165,844,164,827,158,828,159,832,182,832,181,742,193,800,183,665,231,893,216,669,292,986,249,676,306,1014,257,683,320,1017,254,682,313,1007,251,730,362,746,355,770,500,886,360,739,652,903,503,716,672,892,523,791,679,987,489,Dance
860,178,865,167,865,166,864,165,865,166,863,165,861,164,850,159,847,159,848,182,847,181,798,198,796,184,812,251,766,207,825,296,817,275,826,312,831,297,829,318,848,292,829,311,845,287,744,363,755,351,769,499,889,300,736,651,923,416,713,667,912,453,785,669,985,419,Dance
871,176,878,164,878,163,877,162,877,163,876,162,874,161,865,156,861,154,860,179,858,178,816,190,809,175,799,255,757,203,807,311,787,275,806,332,795,303,810,329,811,298,810,322,808,293,752,355,763,344,771,497,896,300,737,640,911,433,717,657,901,459,784,663,972,440,Dance
881,174,888,163,888,162,887,161,886,161,885,159,884,157,876,152,872,149,870,177,868,175,822,195,822,167,796,267,761,202,802,333,791,278,800,355,799,303,807,352,811,299,807,344,809,293,758,350,772,336,774,496,905,318,740,635,905,451,721,656,896,475,789,660,967,456,Dance
889,170,895,159,894,158,893,157,893,157,892,155,891,153,881,147,879,144,877,172,875,171,825,181,834,161,796,267,776,205,803,335,805,287,803,357,811,314,810,353,821,312,810,345,819,306,758,345,778,330,778,491,919,343,752,631,889,477,732,653,875,501,798,659,950,458,Dance
892,168,897,157,896,156,895,154,896,156,896,154,895,152,882,144,882,144,881,170,881,169,831,180,841,164,798,266,793,207,807,333,821,292,807,354,826,318,814,351,835,318,814,343,833,311,762,346,790,335,781,491,921,384,758,630,875,517,738,652,855,532,805,658,929,552,Dance
895,164,898,152,897,151,896,149,898,151,897,150,896,148,884,142,883,142,886,167,885,167,843,184,845,168,814,277,812,216,832,355,846,305,836,380,850,329,843,379,860,330,840,369,867,319,776,348,797,338,789,491,918,441,758,630,863,571,738,652,845,588,805,660,913,615,Dance
896,166,898,154,896,153,895,152,899,153,898,151,898,149,883,145,885,143,886,169,887,169,842,184,848,169,823,285,828,224,851,366,864,308,857,390,872,333,864,390,880,336,861,381,877,327,783,357,806,351,794,500,912,483,758,635,846,614,738,655,823,630,804,665,895,658,Dance
898,174,900,161,898,160,896,158,902,160,901,159,901,158,883,151,889,153,889,178,890,178,835,192,854,175,829,297,851,249,857,369,887,316,864,388,901,335,869,388,907,340,863,382,900,332,791,373,814,368,808,509,894,509,759,637,833,637,737,655,809,654,803,673,882,679,Dance
899,179,901,166,899,165,897,164,904,166,904,166,904,165,884,158,894,161,890,183,892,183,830,199,862,185,822,301,877,268,851,362,934,326,853,376,947,345,861,376,949,348,863,371,944,343,795,380,819,377,837,507,880,520,776,630,813,647,754,645,788,665,815,668,866,679,Dance
901,183,902,170,900,169,898,168,906,170,906,169,907,168,885,163,898,165,891,187,895,187,829,205,873,189,834,296,902,270,877,360,964,328,881,373,982,346,891,372,983,346,892,367,977,343,804,383,824,382,853,507,876,526,790,624,812,653,772,628,792,673,816,659,865,682,Dance
841,174,840,164,838,163,836,162,843,163,843,162,843,161,823,156,832,155,828,178,831,177,741,191,822,171,674,240,898,212,690,318,992,222,691,337,1017,231,701,337,1021,227,703,330,1011,224,727,359,745,354,780,498,873,367,799,610,926,485,783,627,901,552,814,660,969,526,Dance
896,187,896,175,893,174,890,172,901,176,902,175,903,174,879,165,898,169,885,190,892,191,809,203,875,190,825,283,926,261,876,340,995,318,882,354,1009,332,891,349,1011,332,891,344,1004,328,793,380,819,383,861,499,876,521,815,607,826,640,798,612,798,667,844,636,884,673,Dance
911,186,911,174,908,173,905,171,915,175,916,174,917,173,893,165,911,168,899,190,905,191,829,209,888,192,846,291,935,262,905,340,1002,314,911,354,1018,329,920,348,1018,329,920,344,1012,326,814,387,829,392,885,494,873,528,856,587,818,650,846,598,791,673,890,627,876,680,Dance
921,185,920,173,917,172,914,170,923,173,924,172,924,171,901,164,914,167,909,189,913,189,838,207,893,191,850,289,946,256,901,350,1011,311,906,363,1024,328,915,360,1025,328,915,356,1020,322,825,383,832,385,897,468,867,525,872,569,813,652,855,595,788,677,912,607,873,681,Dance
928,184,928,173,926,171,923,170,931,173,931,172,931,171,910,164,922,166,916,188,920,189,846,205,899,186,851,286,957,254,905,330,1019,299,916,342,1031,312,927,343,1031,313,920,339,1027,310,828,380,831,382,918,425,866,517,899,533,810,647,890,549,787,673,940,570,865,681,Dance
939,179,938,167,936,166,934,165,940,167,940,165,939,164,922,159,930,159,929,184,932,182,860,201,909,180,865,284,964,239,898,342,1029,286,906,363,1042,296,912,364,1042,298,909,357,1037,296,838,362,833,365,928,394,868,506,926,511,809,643,914,531,788,664,963,551,863,683,Dance
950,176,948,165,947,164,945,163,950,163,949,162,948,160,932,156,938,155,940,181,941,177,872,198,917,172,873,277,973,227,900,343,1040,276,906,366,1054,288,911,365,1053,290,909,357,1048,288,847,342,835,343,938,386,877,498,941,506,813,637,927,522,790,657,991,546,863,679,Dance
955,175,955,165,954,164,952,163,956,162,955,160,955,159,939,156,944,154,946,179,947,176,879,197,923,168,873,277,981,220,895,348,1049,272,900,371,1062,287,905,371,1062,289,903,362,1057,286,846,340,835,337,956,407,898,484,958,516,818,609,945,537,794,618,1018,554,862,673,Dance
959,175,959,165,958,164,957,163,960,162,959,160,959,158,945,156,948,153,951,179,951,176,887,197,926,167,869,277,989,214,902,348,1059,270,904,374,1071,287,919,371,1071,289,906,364,1067,285,841,344,836,339,943,432,926,463,954,527,826,568,936,543,797,579,1036,567,860,621,Dance
964,177,965,166,964,166,963,165,965,163,965,161,964,159,951,157,953,153,956,181,956,177,898,197,929,168,874,279,997,212,903,360,1067,268,916,384,1080,286,923,380,1078,288,911,372,1074,284,846,346,833,343,951,434,939,454,968,534,838,545,956,555,806,554,1025,571,864,590,Dance
969,188,971,177,970,176,969,175,971,174,970,172,969,170,958,165,958,161,959,191,959,189,900,201,933,173,866,279,1003,211,876,360,1073,268,873,383,1087,286,875,384,1086,288,874,376,1081,284,846,349,834,349,959,439,955,454,961,573,858,547,940,592,824,559,1015,614,891,590,Dance
839,170,841,157,840,156,839,155,842,156,841,155,841,153,827,148,833,147,830,175,831,173,753,188,817,164,686,242,902,192,712,308,985,192,717,330,1007,198,726,328,1010,195,724,318,1002,193,729,342,739,339,853,389,785,457,956,490,752,623,922,519,735,648,996,510,817,650,Dance
960,188,961,179,960,178,959,177,963,178,963,176,962,175,947,168,953,168,950,192,952,191,893,199,928,179,847,282,1008,193,842,351,1076,231,839,370,1088,251,843,370,1089,253,847,361,1085,250,839,363,842,362,948,458,957,458,956,604,867,578,936,625,836,586,989,648,882,639,Dance
841,172,843,162,842,161,840,160,844,161,844,159,843,157,826,150,832,149,830,176,832,174,755,186,807,160,703,252,875,165,725,305,944,168,734,334,961,169,736,323,961,166,737,326,955,167,734,337,741,336,874,387,781,460,886,535,761,617,869,557,741,643,935,571,821,644,Dance
818,159,818,147,816,146,814,146,821,146,821,144,821,143,802,142,813,139,809,166,813,163,739,185,789,154,693,242,832,148,729,288,872,151,738,302,882,151,746,300,879,151,736,290,873,152,727,330,734,326,846,402,772,460,841,538,756,618,826,559,740,649,882,582,827,642,Dance
821,162,823,150,822,149,820,149,824,149,824,147,824,146,807,144,813,141,811,168,812,166,749,185,782,153,709,243,779,169,740,293,818,188,743,308,825,195,754,304,829,191,752,297,824,189,731,331,740,322,806,459,793,460,786,607,776,616,769,630,758,642,832,630,827,642,Dance
831,162,830,150,829,150,828,149,831,149,830,147,829,146,813,144,813,142,821,168,821,166,763,185,774,154,736,243,754,172,756,299,746,171,760,320,736,174,762,315,740,172,762,307,742,172,741,333,742,327,802,473,798,465,770,615,769,621,750,638,750,646,829,633,828,644,Dance
834,161,831,150,830,150,828,149,832,149,832,148,831,147,813,145,815,145,823,168,824,167,771,198,775,178,744,260,728,174,751,321,719,181,758,346,699,182,760,345,703,185,759,343,713,189,741,358,753,355,783,492,810,486,754,621,768,626,738,642,750,650,812,636,828,647,Dance
798,531,812,520,847,535,843,533,792,516,782,511,782,508,834,493,836,506,835,557,803,523,1048,540,809,506,1049,735,798,659,1072,956,774,854,1068,981,737,876,1040,978,759,883,1048,970,778,879,1105,537,961,536,1309,645,962,712,1471,738,1054,776,1474,756,1076,785,1535,765,1038,824,Pressup
776,512,782,497,795,498,802,495,767,493,764,489,762,486,833,468,799,471,800,512,780,508,997,491,798,469,1053,669,815,663,1047,836,777,869,1058,862,744,891,1029,861,759,896,1023,855,776,891,1032,538,923,515,1091,729,869,603,1152,937,993,595,1151,899,932,584,1321,977,861,655,Pressup
758,662,767,652,771,650,783,646,739,651,736,647,734,644,814,614,773,623,806,674,787,675,988,621,766,585,1086,755,767,692,1083,963,769,871,1082,980,738,884,1050,978,758,892,1048,974,773,890,1027,594,908,601,1200,685,921,668,1365,780,1078,730,1381,793,1107,739,1437,815,1070,774,Pressup
751,700,761,697,763,696,767,695,742,693,731,691,731,689,814,686,784,667,818,724,801,720,1008,668,778,606,1126,778,761,691,1092,959,767,879,1089,984,738,891,1050,984,757,898,1050,975,772,896,1044,633,909,634,1249,669,842,666,1467,773,967,749,1490,796,1055,768,1545,802,882,773,Pressup
775,777,751,737,756,734,768,732,726,740,712,740,709,739,789,704,757,703,809,764,791,760,1000,678,724,635,1122,776,726,706,1098,938,766,873,1102,965,745,893,1071,962,757,893,1067,954,767,888,1044,654,902,664,1266,725,854,733,1444,753,993,815,1462,762,1027,824,1499,769,966,864,Pressup
772,817,770,803,778,802,787,802,717,798,712,797,710,796,811,768,743,750,798,806,779,802,985,727,695,691,1124,794,709,744,1090,949,766,884,1090,975,780,928,1055,974,775,900,1052,964,786,895,1014,676,901,688,1236,708,852,779,1456,762,955,825,1480,778,973,830,1502,764,949,857,Pressup
734,858,737,846,745,843,753,839,711,847,706,846,698,842,773,802,729,795,782,845,765,844,967,751,724,738,1109,808,755,826,1078,975,834,958,1075,1000,831,973,1036,991,882,966,1035,980,884,964,1002,713,892,733,1241,731,824,814,1434,761,963,815,1452,770,986,812,1504,758,976,839,Pressup
758,891,743,868,749,864,761,860,722,874,718,875,709,872,776,835,741,825,790,877,774,875,975,784,733,753,1117,812,730,797,1080,982,804,908,1076,1007,810,935,1042,998,844,925,1042,987,850,916,1016,721,888,742,1216,696,836,779,1425,753,1025,789,1448,772,1058,789,1500,753,1062,807,Pressup
767,909,743,891,755,888,761,884,729,898,720,898,717,898,777,861,746,848,795,896,779,893,968,815,742,777,1126,816,741,814,1084,979,867,926,1080,1006,878,953,1049,995,908,939,1050,984,913,930,1017,746,890,758,1257,751,839,793,1448,783,1045,800,1467,800,1079,804,1527,773,1084,802,Pressup
771,935,749,903,762,901,768,899,736,907,725,908,724,909,782,878,758,869,774,895,784,910,964,834,750,766,1119,826,757,770,1082,976,883,866,1074,1000,892,889,1043,992,919,876,1046,981,921,868,1018,760,910,765,1239,711,917,759,1436,763,1182,785,1452,787,1222,799,1520,744,1259,761,Pressup
764,949,757,945,746,908,756,907,722,913,717,914,715,914,770,885,742,877,758,908,773,922,960,834,753,764,1125,829,798,780,1081,975,925,892,1074,1000,937,918,1043,992,967,905,1046,982,969,896,1015,777,903,772,1242,778,882,786,1468,786,1073,807,1492,801,1095,822,1524,751,1113,785,Pressup
792,953,761,918,750,914,763,919,786,941,785,935,783,930,780,895,774,882,794,931,796,920,956,834,772,767,1111,841,819,807,1087,970,922,913,1085,994,929,943,1050,985,961,929,1053,976,966,917,1011,761,916,765,1243,765,1010,795,1439,774,1257,799,1458,806,1291,807,1494,705,1352,685,Pressup
771,507,763,491,758,490,769,489,774,486,778,482,778,478,806,464,793,439,788,514,777,509,1014,518,814,463,1068,788,814,631,1085,975,791,874,1074,997,757,899,1049,995,770,898,1056,988,788,891,1072,606,953,604,1321,652,962,674,1539,732,1052,736,1537,731,1079,744,1550,761,988,753,Pressup
766,889,743,861,746,857,758,852,727,870,725,871,720,872,779,824,719,844,763,858,771,869,985,773,749,721,1096,805,795,744,1081,970,883,882,1071,993,900,915,1043,990,924,907,1047,981,925,896,1064,738,897,736,1279,732,860,763,1492,749,911,851,1504,749,927,862,1555,759,902,898,Pressup
723,889,722,876,727,873,737,871,706,880,704,880,701,879,761,847,716,840,741,876,728,884,970,783,714,751,1108,807,790,783,1080,974,932,889,1075,997,967,917,1046,992,983,905,1047,983,979,895,1052,717,877,734,1263,741,819,782,1507,772,887,873,1529,786,905,884,1604,787,874,919,Pressup
716,865,717,855,724,854,731,852,705,856,703,855,701,852,756,823,708,814,734,854,721,856,969,772,700,719,1106,810,729,760,1077,987,849,874,1072,1013,883,901,1045,1007,894,891,1045,997,893,881,1045,712,870,720,1269,741,856,769,1499,773,972,862,1518,790,1002,876,1603,789,949,915,Pressup
730,860,726,850,734,847,740,845,715,851,712,850,710,847,765,806,719,805,746,847,737,848,981,754,718,719,1104,807,744,777,1077,980,868,882,1071,1002,901,908,1045,998,906,900,1045,989,906,889,1032,685,872,713,1270,739,919,774,1532,770,998,853,1555,787,1021,864,1606,788,969,901,Pressup
726,847,724,834,731,831,739,829,709,836,705,835,700,832,762,804,704,797,750,835,745,837,978,696,712,708,1113,802,742,772,1079,972,844,885,1073,995,866,909,1045,991,818,898,1047,982,881,894,1028,666,875,710,1262,734,944,770,1502,749,1040,842,1555,779,1062,851,1585,783,1036,894,Pressup
720,797,723,793,730,791,738,790,706,791,702,789,699,786,765,760,706,748,752,785,748,778,979,699,719,665,1118,798,745,745,1084,968,766,882,1078,992,751,901,1049,989,751,894,1050,979,767,887,1039,668,898,691,1265,733,1088,728,1505,743,1286,822,1543,765,1319,828,1574,783,1312,876,Pressup
725,767,726,759,733,758,744,754,709,759,704,758,702,756,782,717,708,711,793,753,779,748,986,656,769,636,1117,796,765,741,1082,968,781,877,1076,995,751,899,1048,991,758,892,1049,980,774,886,1052,669,954,689,1274,725,1231,704,1497,733,1471,732,1529,746,1505,762,1564,778,1507,815,Pressup
730,723,727,716,735,715,746,713,715,713,714,710,713,706,782,682,723,670,777,714,779,698,983,620,784,594,1117,782,784,716,1081,967,777,857,1066,1000,750,880,1045,993,754,881,1048,981,769,877,1060,688,982,691,1313,741,1252,700,1507,735,1494,732,1533,741,1531,734,1542,794,1519,778,Pressup
733,687,728,682,736,681,747,680,718,679,718,675,718,672,784,649,732,636,776,678,784,665,984,598,804,555,1116,764,793,673,1081,966,776,846,1064,998,745,870,1044,992,751,879,1047,980,768,876,1068,700,1004,689,1300,730,1258,691,1509,736,1470,714,1547,734,1496,710,1538,800,1499,780,Pressup
740,615,742,608,749,607,757,605,728,601,728,598,728,594,793,575,754,566,790,602,785,602,985,565,810,536,1114,760,785,676,1080,971,783,861,1064,1001,750,880,1045,994,755,888,1050,983,775,885,1076,697,1013,687,1306,712,1265,700,1507,726,1469,730,1545,718,1498,727,1542,793,1488,785,Pressup
764,512,762,490,767,489,772,487,753,488,753,484,753,479,813,460,786,445,802,514,794,514,1027,497,838,426,1071,740,809,636,1080,970,779,858,1066,998,744,880,1049,992,752,888,1055,982,770,884,1127,609,1038,601,1331,666,1200,665,1527,727,1367,737,1570,718,1396,735,1523,800,1386,808,Pressup
783,572,763,571,772,568,778,567,752,564,751,559,762,539,819,534,785,505,819,567,808,567,1023,529,843,495,1076,748,803,662,1082,981,778,865,1072,1007,739,881,1052,994,756,893,1057,985,777,892,1150,668,1071,618,1350,678,1248,679,1529,728,1399,739,1574,723,1435,737,1512,806,1393,808,Pressup
776,575,764,561,771,559,778,555,754,560,753,556,757,550,818,520,784,512,813,566,804,568,1015,521,844,501,1078,746,800,665,1083,979,776,866,1072,1007,735,886,1051,998,746,897,1057,988,771,895,1165,667,1094,640,1367,687,1295,676,1536,727,1452,720,1577,720,1484,714,1515,802,1454,786,Pressup
772,556,762,536,769,533,776,529,752,534,752,529,755,524,819,494,791,476,819,531,813,532,1017,505,857,486,1065,741,801,670,1083,978,776,867,1071,1005,737,889,1051,997,746,900,1056,987,769,897,1190,653,1108,632,1379,691,1317,677,1549,728,1482,707,1585,721,1515,700,1515,804,1484,768,Pressup
772,546,762,523,768,520,776,516,751,523,750,519,753,515,816,486,785,479,817,535,811,536,1022,499,867,473,1051,737,809,674,1081,975,776,868,1069,1005,737,893,1050,996,746,903,1056,986,767,898,1241,634,1138,627,1395,693,1338,677,1562,727,1502,705,1597,718,1527,695,1517,806,1487,773,Pressup
774,538,767,513,774,510,782,507,756,515,755,512,755,508,820,477,787,473,821,528,812,529,1030,500,865,473,1043,740,817,675,1082,974,774,871,1069,1004,733,898,1049,997,741,905,1057,986,762,900,1243,620,1133,618,1394,691,1327,671,1555,724,1477,702,1595,709,1532,675,1517,805,1483,777,Pressup
774,524,770,501,776,496,783,492,760,501,758,497,758,492,820,461,788,457,819,520,809,521,1027,502,864,478,1043,740,819,677,1081,964,773,876,1069,999,735,903,1049,997,741,908,1058,986,761,902,1241,613,1144,610,1385,690,1329,673,1552,724,1498,698,1590,708,1523,693,1518,806,1490,781,Pressup
773,532,769,508,775,504,782,500,760,508,759,503,758,498,819,468,787,464,817,528,804,528,1021,498,863,482,1046,741,818,682,1078,966,773,880,1064,999,738,905,1047,997,744,910,1056,986,764,904,1250,612,1156,602,1384,690,1331,674,1548,723,1485,705,1585,702,1515,700,1513,805,1484,782,Pressup
772,535,769,511,776,508,791,497,759,509,758,506,758,502,821,476,786,473,820,528,798,532,1029,496,862,481,1047,742,821,683,1076,971,773,880,1064,1002,738,906,1046,1000,745,911,1056,990,764,904,1250,605,1155,594,1387,686,1323,663,1553,723,1475,685,1594,705,1508,671,1510,805,1473,766,Pressup
775,541,769,523,775,520,791,507,758,521,757,517,756,513,821,489,785,484,818,539,800,540,1027,502,858,487,1050,747,818,687,1076,975,768,882,1065,1005,732,909,1046,1003,741,915,1055,995,759,908,1244,604,1152,601,1386,687,1317,664,1550,721,1468,693,1592,704,1506,667,1512,804,1474,771,Pressup
774,546,767,528,773,525,785,509,755,528,753,524,752,520,818,494,780,488,813,541,794,544,1026,507,857,490,1057,744,816,691,1074,975,767,884,1063,1005,730,910,1044,1003,739,917,1051,994,759,910,1244,608,1158,604,1389,688,1324,666,1549,721,1468,697,1591,706,1506,668,1505,804,1467,772,Pressup
774,522,766,495,772,492,781,487,755,495,753,491,752,488,818,462,780,459,808,524,791,525,1035,487,862,472,1058,729,822,683,1075,966,772,875,1063,998,737,903,1044,998,746,907,1051,991,765,901,1255,585,1172,586,1405,677,1350,662,1566,716,1494,689,1601,700,1526,672,1522,794,1486,765,Pressup
769,576,762,555,768,552,775,549,751,554,750,550,748,546,813,517,773,510,802,564,789,569,1027,516,850,495,1075,732,809,696,1073,966,773,882,1062,1001,738,909,1042,999,747,914,1047,991,766,908,1244,603,1155,591,1398,683,1332,664,1543,719,1481,691,1581,701,1515,676,1510,794,1478,765,Pressup
771,543,764,516,770,512,776,509,753,515,752,511,751,507,815,477,777,474,808,528,796,529,1028,495,852,477,1074,725,811,680,1075,964,781,877,1062,998,746,905,1042,996,758,909,1048,987,777,903,1253,590,1175,582,1405,675,1355,664,1556,710,1505,692,1596,699,1546,679,1518,791,1491,766,Pressup
779,547,771,522,776,519,782,515,759,521,757,517,756,513,816,484,778,480,810,532,797,532,1028,491,850,480,1082,720,811,677,1077,963,783,874,1062,997,750,901,1042,995,761,905,1048,986,780,900,1254,589,1174,589,1409,677,1353,666,1557,709,1505,694,1597,697,1543,681,1521,789,1491,767,Pressup
779,567,771,549,776,546,782,542,759,546,757,543,755,538,813,506,776,503,810,552,797,553,1028,494,846,481,1096,716,810,676,1080,961,785,874,1064,994,752,899,1042,993,763,903,1049,983,782,898,1258,591,1177,590,1412,681,1347,667,1559,708,1499,693,1598,694,1537,681,1523,787,1489,763,Pressup
769,598,759,582,763,580,767,577,750,580,749,576,748,572,797,544,768,537,804,599,791,598,1027,531,845,517,1113,724,810,686,1083,967,786,876,1066,995,752,900,1043,994,763,903,1050,985,782,899,1254,613,1173,609,1409,685,1345,672,1556,706,1498,694,1591,691,1538,681,1516,785,1489,763,Pressup
752,645,746,627,750,624,754,620,738,626,737,622,737,618,782,586,757,575,793,642,780,640,1026,559,834,546,1126,739,811,701,1084,969,792,877,1066,995,754,900,1044,992,763,903,1050,984,784,898,1251,639,1169,630,1405,695,1327,673,1548,705,1455,686,1585,685,1508,653,1505,784,1461,744,Pressup
905,395,903,391,903,390,897,387,903,394,905,396,924,418,903,395,914,409,911,423,920,424,908,393,927,470,899,374,937,506,864,297,833,413,852,276,814,370,850,264,793,384,853,273,798,398,1037,490,1057,510,998,664,989,638,1022,902,1063,860,1044,936,1052,930,1000,1004,1024,970,Stretch
862,305,863,295,871,281,870,280,871,297,873,297,878,298,867,286,875,297,873,297,871,311,820,271,899,356,849,285,933,410,837,222,872,290,848,228,877,265,847,222,855,265,847,231,848,275,948,385,980,431,906,631,949,646,945,916,1016,905,985,963,1038,972,861,997,975,999,Stretch
861,283,866,268,866,264,864,261,870,272,872,273,873,273,862,243,869,263,863,280,864,284,828,217,888,312,891,244,963,425,896,262,977,446,901,260,999,449,891,263,980,451,893,264,969,446,960,349,985,391,898,627,930,643,940,897,1008,929,975,953,1035,980,858,999,941,1035,Stretch
951,362,953,349,949,346,947,342,959,353,960,352,962,352,935,319,952,334,947,343,949,357,883,276,945,343,925,268,983,479,919,256,998,524,918,245,1019,532,910,248,1003,530,913,251,993,523,946,375,1002,399,890,627,962,635,937,908,1036,908,966,961,1046,985,839,999,960,1006,Stretch
1,1,1,1,1,1,1,1,1,1,1,1,1,1,1,1,1,1,1,1,1,1,1,1,1,1,1,1,1,1,1,1,1,1,1,1,1,1,1,1,1,1,1,1,1,1,1,1,1,1,1,1,1,1,1,1,1,1,1,1,1,1,1,1,1,1,Stretch
944,341,953,327,958,326,964,325,941,330,938,331,936,332,981,331,942,337,958,354,943,357,1023,393,932,402,983,275,913,286,954,169,929,181,951,158,934,166,952,160,936,162,952,163,936,168,956,628,891,624,985,809,909,800,1051,983,934,951,1075,1011,948,973,1004,1035,873,989,Stretch
944,347,952,333,957,333,962,332,942,334,939,334,937,334,981,334,946,338,956,358,943,359,1024,393,935,403,983,276,917,285,962,164,932,178,961,141,938,151,966,140,941,143,965,148,941,156,955,628,891,624,984,805,909,795,1051,983,933,951,1071,1010,948,973,1004,1034,873,989,Stretch
943,351,951,337,956,336,960,335,942,337,939,336,938,336,979,336,948,339,954,361,943,361,1025,393,938,404,983,277,924,284,970,162,938,178,970,136,945,145,975,134,948,140,974,142,948,152,954,628,891,624,983,802,908,790,1051,983,933,950,1070,1010,948,973,1004,1033,873,990,Stretch
943,351,951,337,956,336,960,335,943,337,941,336,939,336,979,336,950,339,954,361,944,361,1026,393,942,404,989,276,929,281,980,157,944,178,980,130,953,143,985,128,958,140,984,136,958,151,953,628,890,623,983,801,907,788,1051,983,933,950,1069,1010,948,973,1003,1032,873,990,Stretch
945,350,954,337,958,336,963,335,945,337,943,336,941,336,983,336,951,339,956,361,945,361,1027,397,942,404,993,277,933,277,993,157,956,169,996,131,966,136,999,129,971,131,997,137,971,144,952,628,889,623,982,801,906,788,1051,983,933,950,1069,1010,948,973,1003,1032,874,991,Stretch
952,347,961,334,965,334,969,334,954,333,953,332,951,332,986,336,958,336,961,360,952,358,1030,397,944,404,999,276,942,274,1002,158,967,167,1006,130,978,137,1008,128,982,129,1005,138,982,144,951,628,888,623,982,801,905,788,1050,983,933,950,1069,1010,948,973,1002,1032,874,992,Stretch
959,346,969,333,973,333,977,334,961,332,959,331,958,331,993,336,962,336,969,359,958,358,1033,403,944,403,1005,285,946,275,1014,167,976,170,1015,137,989,139,1017,136,993,129,1015,146,992,148,951,629,886,623,982,801,905,788,1050,982,933,949,1068,1010,948,972,1002,1032,874,992,Stretch
912,343,918,331,922,330,927,330,910,331,909,331,908,330,950,333,919,336,926,353,915,355,1001,372,917,401,939,285,860,286,856,168,825,188,844,141,822,152,848,142,825,148,850,152,829,165,965,622,895,623,994,797,913,786,1048,982,932,949,1065,1010,948,972,1001,1032,874,992,Stretch
950,343,958,330,961,330,965,330,953,330,953,330,952,330,979,335,958,336,958,353,951,355,1016,388,938,400,993,284,932,279,993,168,947,186,994,141,970,150,996,142,971,148,996,151,969,163,959,624,894,624,990,797,912,787,1048,983,932,949,1068,1012,948,972,1000,1032,874,992,Stretch
958,343,968,330,972,330,977,330,961,330,960,330,959,330,993,335,970,335,967,353,957,355,1024,399,951,400,1022,284,953,274,1026,167,986,183,1032,138,1002,147,1035,137,1005,142,1031,149,1001,160,956,626,894,625,989,798,911,787,1049,983,932,949,1069,1012,949,972,1003,1032,877,992,Stretch
965,343,977,331,981,331,986,331,967,330,966,330,964,330,1002,338,974,335,974,355,962,356,1032,407,954,399,1029,288,960,271,1038,167,996,182,1045,138,1012,145,1048,137,1013,142,1044,148,1011,159,955,630,892,625,989,801,910,787,1049,983,931,948,1069,1012,949,971,1003,1032,877,992,Stretch
973,343,986,331,990,331,995,331,977,330,975,330,974,330,1010,341,981,336,982,356,971,356,1040,411,956,398,1036,290,966,270,1045,167,1003,182,1050,138,1020,145,1053,137,1021,143,1049,148,1018,159,953,632,889,626,988,801,910,790,1049,983,931,948,1069,1012,949,971,1004,1032,876,992,Stretch
975,344,988,332,993,332,998,333,980,331,978,330,977,330,1013,343,985,337,983,358,972,356,1042,415,957,398,1036,297,973,270,1049,168,1009,182,1053,140,1025,148,1056,140,1027,145,1054,150,1023,161,952,634,887,626,988,801,909,792,1048,983,931,947,1068,1012,948,970,1002,1032,876,992,Stretch
976,344,990,332,995,332,1000,333,981,331,980,330,979,330,1016,344,987,337,984,358,972,356,1044,416,959,396,1039,297,976,268,1057,168,1015,182,1063,140,1033,148,1066,140,1034,146,1062,150,1030,162,951,634,886,626,988,802,909,793,1048,983,931,947,1069,1012,948,970,1002,1032,876,992,Stretch
978,344,992,332,997,332,1002,333,983,330,982,330,980,329,1018,344,987,337,986,358,974,356,1045,416,960,393,1041,297,981,266,1063,168,1022,182,1068,140,1041,147,1072,140,1042,146,1069,150,1038,161,951,635,885,626,987,802,909,794,1048,983,931,947,1069,1012,949,970,1001,1031,876,991,Stretch
984,344,998,332,1003,332,1008,334,988,330,986,330,984,329,1022,344,989,336,991,358,978,356,1047,416,961,390,1049,296,984,265,1069,168,1028,180,1076,140,1049,145,1079,140,1049,146,1075,150,1045,160,950,635,884,626,986,802,909,794,1048,983,931,947,1069,1012,949,970,999,1030,877,991,Stretch
988,344,1002,332,1007,332,1012,334,992,330,990,330,989,329,1024,344,991,336,996,358,983,356,1049,416,963,389,1052,296,991,263,1074,167,1035,177,1081,139,1056,142,1085,138,1057,141,1080,149,1051,157,950,635,884,626,986,802,909,794,1048,983,931,947,1068,1013,949,970,998,1030,877,991,Stretch
994,343,1008,332,1012,332,1017,333,998,330,996,329,994,328,1028,344,995,336,1002,358,989,356,1050,416,965,387,1055,295,997,263,1078,167,1039,177,1087,139,1060,142,1090,138,1060,142,1085,149,1055,157,949,633,884,624,986,802,909,793,1048,983,931,947,1069,1013,949,970,998,1030,878,991,Stretch
920,346,925,333,929,333,934,334,920,335,920,335,920,336,956,343,931,344,932,358,924,358,1003,375,934,393,960,284,881,307,880,183,845,213,853,152,839,184,858,154,841,176,861,163,843,187,963,619,899,621,999,800,916,790,1050,983,932,947,1069,1013,949,971,997,1030,877,991,Stretch
971,346,981,334,987,334,994,335,971,335,969,335,968,335,1009,344,977,342,982,359,969,358,1026,399,950,391,1050,284,936,292,1066,181,988,208,1071,150,1015,183,1071,147,1018,173,1065,156,1014,185,960,622,897,622,998,800,916,790,1050,983,931,947,1069,1013,949,971,1000,1031,877,991,Stretch
990,348,1001,335,1006,336,1012,338,991,335,989,334,988,335,1024,346,993,342,999,362,986,359,1036,408,961,390,1068,285,976,284,1093,179,1032,206,1101,149,1056,176,1100,146,1056,166,1094,156,1052,180,957,624,895,622,997,801,915,791,1049,983,931,947,1069,1012,949,971,1001,1031,876,991,Stretch
1000,348,1012,336,1016,337,1022,339,1002,335,1000,334,999,334,1033,347,1003,341,1008,362,996,359,1045,415,970,387,1073,289,995,280,1102,179,1050,204,1109,150,1074,169,1109,148,1074,162,1103,157,1069,175,955,626,893,622,995,801,914,791,1049,983,931,947,1069,1012,949,970,1001,1031,876,991,Stretch
1000,348,1013,336,1018,337,1023,339,1004,334,1002,334,1000,334,1036,347,1007,341,1009,362,996,359,1052,418,972,386,1076,291,996,271,1107,178,1051,188,1114,150,1076,160,1115,146,1077,155,1110,155,1072,167,955,628,892,623,994,802,914,793,1049,983,931,947,1069,1012,949,970,1000,1031,876,991,Stretch
999,347,1013,336,1017,337,1023,338,1004,334,1002,333,1001,333,1036,347,1007,341,1008,362,996,358,1055,420,975,386,1076,292,1002,270,1105,178,1054,186,1113,149,1079,159,1114,146,1080,155,1110,155,1073,166,953,629,891,622,993,803,913,793,1049,984,932,947,1069,1014,949,970,1000,1031,876,991,Stretch
1002,347,1015,336,1019,337,1024,338,1007,334,1006,333,1005,333,1037,347,1010,340,1010,362,998,358,1058,420,980,385,1079,293,1011,267,1112,177,1065,183,1120,148,1089,155,1123,145,1089,153,1118,154,1084,163,952,629,891,621,993,804,913,793,1050,985,932,947,1071,1016,949,971,999,1031,876,990,Stretch
1008,346,1020,334,1024,335,1028,336,1013,332,1012,331,1011,331,1039,343,1013,336,1014,360,1004,357,1059,418,982,381,1077,292,1021,267,1110,179,1075,182,1120,150,1098,154,1122,148,1098,152,1117,156,1092,162,951,628,890,618,992,804,913,793,1050,986,932,946,1072,1016,949,971,997,1031,878,990,Stretch
1009,346,1022,334,1026,335,1031,336,1014,332,1013,331,1012,331,1041,343,1013,336,1015,361,1004,357,1060,418,981,378,1078,292,1020,263,1108,180,1078,178,1118,152,1101,152,1121,149,1100,149,1116,157,1095,159,951,628,890,617,992,804,913,793,1050,986,931,945,1072,1016,949,970,997,1031,881,990,Stretch
1009,346,1023,334,1027,335,1032,336,1015,332,1013,331,1012,330,1041,342,1013,335,1015,360,1004,356,1060,418,980,377,1077,291,1018,262,1109,180,1077,178,1118,152,1100,151,1122,151,1099,149,1117,158,1094,159,951,628,890,617,991,805,911,793,1050,986,931,945,1072,1016,949,970,996,1031,881,990,Stretch
1008,345,1021,334,1026,334,1030,335,1013,332,1012,331,1011,330,1040,342,1012,335,1015,359,1003,356,1060,417,979,377,1076,291,1019,263,1108,180,1076,178,1118,153,1098,151,1122,151,1097,150,1117,159,1092,159,951,628,890,617,990,806,911,793,1050,987,931,945,1072,1016,949,970,996,1031,881,989,Stretch
917,352,924,339,929,338,934,339,918,340,918,340,918,341,958,344,932,348,929,363,921,363,1005,382,942,391,965,286,879,296,876,179,856,189,864,152,850,158,868,151,852,158,870,159,853,166,959,621,897,619,1000,805,915,787,1050,986,931,946,1072,1016,949,971,995,1030,879,989,Stretch
972,353,982,341,988,342,994,343,969,339,966,339,964,340,1005,347,970,345,982,366,968,363,1028,395,952,382,1054,286,927,280,1069,179,997,188,1076,151,1032,157,1075,149,1031,157,1068,159,1024,166,958,622,896,619,994,805,915,788,1049,985,932,946,1071,1013,950,970,998,1031,879,990,Stretch
920,349,926,338,930,338,935,338,918,339,916,338,915,339,956,341,925,344,932,358,922,361,1004,374,920,390,946,280,868,290,881,175,850,190,871,151,850,159,875,149,853,157,877,158,856,169,964,622,898,621,994,800,915,787,1047,984,933,946,1068,1012,950,970,998,1031,876,990,Stretch
915,348,919,334,924,332,929,330,910,337,907,337,905,338,951,330,912,343,928,356,916,360,1005,373,913,394,961,265,862,293,886,176,849,189,877,151,853,158,880,153,856,157,881,161,857,166,970,620,899,621,994,795,916,786,1048,984,933,946,1070,1013,950,970,999,1031,878,991,Stretch
914,349,919,334,923,332,928,330,912,337,910,337,909,338,949,329,919,343,927,356,917,360,1007,370,921,397,935,267,878,292,889,167,864,192,881,141,865,158,883,142,868,157,884,151,869,166,971,619,901,621,993,796,916,785,1051,984,933,946,1072,1013,950,970,1000,1030,875,991,Stretch
917,350,922,334,927,332,932,331,913,338,912,338,910,339,955,329,920,342,931,357,919,361,1010,371,925,401,946,262,883,292,902,165,874,191,897,141,878,158,898,142,880,156,899,151,881,166,969,618,901,621,993,796,916,784,1052,984,933,946,1074,1013,948,970,1000,1030,869,991,Stretch
922,350,929,335,934,332,939,331,921,338,919,338,918,338,959,330,927,342,936,357,925,361,1013,374,927,402,951,262,888,290,913,164,885,190,907,140,888,157,912,141,891,156,912,149,891,165,968,619,901,621,993,796,916,785,1053,984,933,946,1074,1014,948,970,1000,1029,867,991,Stretch
